smiles,TADF-likeness
CCN(c1ccccc1C)c1c(C)ccc(OC)c1C,59.37969208
O=C(c1ccc(Oc2ccccc2)cc1)N(CCCN1CCOCC1)c1nc2c(F)cccc2s1,58.63440704
CCCc1ccc(OCCNC(=O)c2ccccc2OCc2ccccc2)cc1,59.91960526
Cc1cc2nc(N(Cc3ccccn3)C(=O)c3cc(C)n(C(C)C)n3)sc2cc1C,55.047966
CC(C)Oc1ccc(C(=O)Nc2ccc3nc(C(C)C)oc3c2)cc1,59.66877747
Cc1cc(C)c(Oc2nc(-c3cccc(CN)c3)ccc2C(=O)CS(=O)(=O)c2cccc(N)n2)c(C)c1,56.25953674
Cc1nc(-c2ccc(-n3cc(C(=O)Nc4cccc(F)c4)c(C)n3)cc2)no1,56.59588623
COC1C=CC(=O)C(C)(c2ccc(S(=O)(=O)c3ccccc3)cc2)O1,57.99568939
CCCCCC/C(=N\OC(=O)c1ccccc1)C(=O)c1cn(C2=CC=C(C(=O)c3ccccc3)CC2)c2ccccc12,56.85667419
Cc1ccccc1CSCC(=O)c1cn(CCC#N)c2ccccc12,55.15856171
O=C1c2ccccc2S(=O)(=O)c2cc(C(=O)N3CCN(Cc4cccc5ccccc45)CC3)ccc21,58.02235794
Cc1c(C#N)c(-c2ccccc2)nc(/C=C(/O)c2ccccc2)c1C(=O)NCc1ccccc1,56.68234253
c1ccc2c(c1)NCCCN2Cc1nc2ccccc2[nH]1,55.40736008
COc1cc2cc(C(CC/C=C(\C)CCC=C(C)C)=C(C)C)oc2cc1OC,56.37005615
Cc1c(F)ccc(-c2nc3n(c2-c2ccc4c(c2)C=NC4)CCC3)c1F,59.42376709
CNc1ccc(-c2c(-c3ccc(Oc4cccc(C(F)(F)F)c4)nc3)c3c(N)ncnc3n2C)cc1,56.41656494
Cc1ccc(C)c(-c2cnccn2)c1,55.33504105
CC(C)c1ccc(NC(=O)N2CC=C(c3ccc(F)cc3)CC2)cc1,55.21041107
CNC(c1cccc(OC)c1)c1ccc2c(c1)OCCO2,58.03233337
C/C=C1\CN(S(=O)(=O)c2ccc(C)cc2)C\C1=C(/C)c1ccccc1,56.20806885
COc1cccc(CN(C)C(=O)CSc2nnc(-c3cccs3)n2-c2ccccc2)c1OC,56.60388184
CCOC(=O)C1=C(c2ccccc2)N=c2s/c(=C/c3cc(OC)ccc3OC)c(=O)n2C1c1c(OC)ccc2ccccc12,57.35391998
Cc1cc([C@@H]2[C@@H](c3ccccn3)NC(=S)N2c2ccc(OC(C)C)cc2)c(C)n1-c1ccc(F)cc1,58.62397766
CCOc1ccc(NS(=O)(=O)c2cccc(C(=O)Nc3ccc4c(c3)CCN4C(C)=O)c2)cc1,56.47977448
CCCCN1C(=O)C/C(=N/Nc2ccccc2)c2ccccc21,56.36574173
C[C@@H](C(=O)NC1CCCCC1)N(Cc1ccccc1)C(=O)CCc1ccc(C(C)(C)C)cc1,58.05355072
CC1(C)Cc2c(sc3c2c(=O)n(CCc2ccccc2)c(=O)n3CCc2ccccc2)CO1,59.89097595
O=c1c2ccccc2[nH]c(=S)n1-c1ccc(-n2c(=S)[nH]c3ccccc3c2=O)cc1,58.36671448
CCOc1cc(/C=C/c2ccc3cc(C)ccc3n2)ccc1O,58.60809326
CCOS(=O)(=O)Oc1ccc(/C=C/c2ccc(N(C)C)cc2)cc1,58.15898895
CCN(CC)C1=Nc2ccccc2Sc2ccccc21,56.45273972
COC(=O)c1nc2ccccc2nc1NCc1ccc(F)cc1,56.21093369
CCc1ccc(-c2c[nH]c3ccccc23)c(F)c1,56.86013412
Cc1ccc2c(c1C)c(C(=O)NC1CC3CCC(C1)N3C)c(-c1ccccc1)n2C,55.23078918
Cc1[nH][nH]c(=O)c2cc3c(nc4ccccc43)c(C)c12,57.95310974
CC1(C)N=C2N(C#N)CN(Cc3ccccc3)CN2C2CCN(Cc3ccccc3)C=C21,55.16905212
CCNCc1cncc(-c2cc3c(-c4nc5c(-c6cccnc6)cccc5[nH]4)n[nH]c3cn2)c1,59.41292572
CCOc1ccc(-c2nnc(NC(=O)Cc3ccc(OC)c(C)c3)o2)cc1OCC,55.96353912
COc1ccc(S(=O)(=O)NCCc2nc(-c3ccc(C)cc3)no2)cc1,56.00714493
Cc1cnc(Nc2ccc(N3CCN(C)CC3)cc2)nc1-c1cc2ccccc2s1,55.72741699
CN(C)c1ccc(C2(c3ccc(N(C)C)cc3)SC(NC(=O)C(C)(C)C)=Nc3cc(N(CCC#N)CCC#N)ccc32)cc1,55.88559341
Cc1ccc(-c2nc(-c3ccc4nnc(C)n4c3)no2)cc1C,57.89083099
COc1ccc(COc2csc(-c3cnc4ccccn34)c2)cc1,56.43563843
CC1C=CC=CC(C)n2c(nc3ccccc32)N1,57.17662048
Cc1ccc(C)c(Nc2c(-c3ccncc3)[nH]c3c2C(=O)CC(C)(C)C3)c1,55.10284424
CCN1C(=O)c2nc(-c3ccc(-c4ccccc4)cc3)n(Cc3cc(F)c(F)cc3F)c2N2CC(C)(C)N=C12,59.7563858
CCOC(COc1ccc(OCCN2c3ccccc3Oc3ccccc32)cc1)C(=O)O,59.97963715
Cc1ccc(-c2ncco2)cc1-c1ccc(CC(=O)C(N)Cc2c[nH]c3ccccc23)cc1,56.10793304
CCc1ccc(-n2ncc3ccccc32)nc1,59.33410645
COC(=O)c1sc2ccccc2c1-c1ccc2ccccc2c1,59.83265305
Pc1cccc2c1-c1c(P)cccc1OCO2,58.04944229
COc1ccc(-c2cc(C(=O)NC3CCCC3)c3ccccc3n2)cc1OC,58.01731873
O=C(NCc1ccccc1)c1cccc2[nH]c(Nc3cc4ccccc4cn3)nc12,55.84589386
Cc1ccc(-n2c(=O)n(CC(C)C)c(=O)c3c2ncn3CC(C)C)c(C)c1,55.29935455
CC(C)(C)c1ccc2[nH]cc(CC(=O)Nc3ccc(F)c(COc4cnccn4)c3)c2c1,56.14696503
NS(=O)(=O)c1ccc(CCC(=O)N(Cc2ccccc2)Cc2ccccc2)cc1,59.75065231
CCCCNC(=O)[C@H](C)N(Cc1ccc(F)cc1)C(=O)CCCN1C(=O)c2cccc3cccc1c23,57.35160446
C=CCc1ccccc1OCCCCn1c(CN(C)C(=O)c2ccccn2)nc2ccccc21,58.67675781
Cc1cc(C)c2sc(N(Cc3ccncc3)C(=O)CCCSc3ccc(F)cc3)nc2c1,56.51557922
Cc1ccc(-c2ccc(C#N)c(SCCC(=O)Nc3cccc(C)c3C)n2)cc1,58.93638992
COc1ccc(C=Cn2c(C)cc(=O)cc2C)cc1OCC(C)C,55.11868668
Cc1nc2n(C)c3ncn(Cc4ccccc4)c3c(=O)n2c1C=CC(C)C,55.53925705
O=C(COCc1ccccc1)Oc1ccc2ccccc2c1,57.44069672
O=C(NCC(c1ccccc1)N1CCCC1)c1nn(-c2ccccc2)c2c1CCC2,55.37162018
COC(=O)c1cccc2c(=O)c(C)c(C3(c4ccccc4)CCCC3)oc12,57.35055542
O=C(Cc1nc(-c2ccccc2F)no1)c1ccccc1,57.7792778
Cc1ccc(S(=O)(=O)Nc2cc(C(=O)N3CCN(C(c4ccccc4)c4ccccc4)CC3)ccc2C)cc1,58.35660934
CCC=C(C)C=C(Nc1ccc(OC)cc1)c1cc(C)cc(C)c1C,56.13587952
C=C(C)C1CC2(C1)CC(c1c(C(C)C)n(-c3ccc(F)cc3)c3cccc(F)c13)C2,58.28018188
CCCc1ccc(C(=O)NCCc2ccccc2C(=O)NCCN2CCc3cc(OC)c(OC)cc3C2)cc1,58.87259674
O=C(NCCc1cncn1Cc1ccccc1)c1ccc(-c2ccccn2)nc1,57.05670166
Cc1ccc(/C=N\NC(=O)CN(c2cc(C)cc(C)c2)S(=O)(=O)c2ccccc2)cc1,57.0953064
C/C(=C\c1ccccc1)C(=O)Nn1c(C2CCCCC2)nc2ccccc2c1=O,55.75698853
CCCCCCOc1ccc(/C=C/c2nc(-c3ccc(C)cc3)cs2)cc1,57.93632126
Cc1ccccc1CN1C(=O)/C(=C/c2ccc(C(=O)NCCN3CCCC3)cc2)Sc2ccccc21,55.33382797
C[C@H](c1ccc(-c2ccccc2)cc1)N(C(=O)C(c1ccccc1)c1ccccc1)[C@H](CCCN)C(N)=O,55.70372009
FC(F)(F)c1cccc(CN2CCCCc3ccccc32)c1,55.82183838
COc1ccc(-c2cc3ccc(N(C)C)cc3c(=O)[nH]2)cc1,56.16960907
COc1ccc(CCNC(=O)CCCSc2nnc(-c3ccccc3)n2-c2cccc(C)c2)cc1OC,59.48348999
O=C(c1cn(-c2ncccn2)c2ccccc12)N1CCN(c2ccc(OCF)cc2)CC1,59.40184402
O=C(/C=C/c1cccc2ccccc12)Nc1cccc(CN2CCOCC2)c1,59.20170212
Cc1ccc(SCCC(=O)Nc2c3c(nn2-c2ccccc2)CCC3)cc1,55.11220551
CC(C)C(=O)Nc1cc(-c2ccncc2)nn1-c1ccccc1,59.34247208
O=C(c1ccc2ccccc2c1)N1CCN(CCOc2ccccc2)CC1,59.59862518
O=C(OC(=O)c1ccc(-c2ccccc2)cc1)c1ccc(-c2ccccc2)cc1,58.06915665
CN(C)S(=O)(=O)c1ccc(OCCNC(=O)C2CN(S(=O)(=O)c3ccccc3)c3cc(C(C)(C)C)ccc3O2)cc1,57.65910721
Cc1cc(C)c(NC(=O)CNC(=O)CSc2ccc3ccccc3c2)c(C)c1,55.84043884
CC[C@@H](CO)C1c2ccccc2N(C)c2ccccc21,55.4391861
COc1cc(OC)c(NC(=O)C(c2ccccc2)c2nnn(C/C=C(\C)CCC=C(C)C)n2)c(OC)c1,56.16867828
CCCCN(C)C(=O)CCCCCCCNC(=O)Cc1c(C)n(Cc2ccccc2)c2ccc(OC(C)=O)cc12,56.91300964
Nc1nc(-c2ccccc2)nn1-c1ccccc1,57.67190933
Cc1ccc(C#Cc2ccc([C@@H]3CC[C@@H]4CC(C)CC[C@@H]4C3)cc2F)cc1,59.86659241
Cc1ccc2nc(Nc3ccccc3C)sc2c1,59.48229599
COC(=O)c1ccc2nc(-c3cn(Cc4ccc(C#N)cc4)c4ccccc34)c(=O)n(C(C)CN)c2c1,56.15473938
O=S1(=O)CCC(N(Cc2ccco2)Cc2cccc3ccccc23)C1,59.64401627
Cc1cccc(Nc2ccc(C(=O)NCc3ccc4c(c3)OCO4)cn2)c1,57.7947197
COc1ccc(C(C)(C)c2ccc(C(=O)Oc3ccc(C(C)(CCO)c4ccc(OC(C)=O)cc4)cc3)cc2)cc1,57.32151794
Cn1cnc2ccc(C(=O)n3cnc4ccccc43)cc21,59.50117493
CC(=O)N(CO)c1c2ccccc2cc2ccccc12,59.41236877
Cc1c(C[C@H]2C(=O)c3ccccc3O[C@@H]2c2ccccc2)c(=O)nc2sccn12,57.26282501
c1ccc(C2(c3ccccc3)c3ccccc3-c3cc(N(c4ccc(-c5ccc(-c6cccc7c6sc6ccccc67)cc5)cc4)c4ccc(-c5ccc6c(c5)oc5ccccc56)cc4)ccc32)cc1,75.80445862
N#Cc1cccc(-c2cc(-c3ccccc3)nc(-c3cc4ccc5ccccc5c4c4c3sc3ccccc34)n2)c1,79.96846008
C[Si]1(C)c2cc(N(c3ccccc3)c3cccc4c3oc3ccccc34)ccc2-c2ccc(-c3ccc(N(c4ccccc4)c4cccc5c4oc4ccccc45)cc3)c3cccc1c23,78.07407379
C1=Cc2c(ccc3c2ccc2ccccc23)/C1=C\c1ccccc1,78.93135071
C1=C(c2ccc(-c3ccncc3)cc2)CC(c2ccccc2)=C1c1ccccc1,79.9339447
c1nc2ccc(-c3ccc4c(ccc5cc(-c6ccc7ncsc7c6)ccc54)c3)cc2s1,79.8741684
c1ccc(-c2ccc(N(c3ccc(-c4cccc5c4oc4ccccc45)cc3)c3ccc4c5ccccc5n(-c5ccc6sc7ccccc7c6c5)c4c3)cc2)cc1,78.0843811
c1ccc2c(-c3nc4c(ccc5ccccc54)[nH]3)nccc2c1,75.04324341
c1cc(-c2ccc3sc(-c4ccc5ncccc5c4)nc3c2)cc(-c2ccc3sc(-c4ccc5ncccc5c4)nc3c2)c1,77.60281372
Cc1ccc(Oc2ccc(C3(c4ccc(Oc5ccc(C)cc5)cc4)NC(=O)c4ccccc43)cc2)cc1,75.83807373
C=C(C=CC(=C)N(C1=CC2Sc3ccccc3C2C=C1)c1cccc(-c2ccc3ccc4ccccc4c3c2)c1)C(=C)C=Cc1ccc2ccccc2c1,79.52172852
FC(F)(F)c1ccc(-c2ccc3c(c2)c2cc(-c4ccc5c(-c6ccccc6)c6cc(-c7ccc8c(c7)c7cc(-c9ccc(C(F)(F)F)cc9)ccc7n8-c7ccccc7)ccc6c(-c6ccccc6)c5c4)ccc2n3-c2ccccc2)cc1,77.95856476
Cc1nc2ccccc2n1-c1ncccc1CC(c1cccnc1)c1cccnc1,76.84089661
COc1cc(C)cc(N(CCO[Si](C)(C)C(C)(C)C)c2ccc3ncn(-c4ccccc4)c(=O)c3c2)c1,76.62699127
c1ccc2c(-c3ccc(-c4c5ccccc5c(-c5ccc(-c6ccc7oc8ccc9ccccc9c8c7c6)cc5)c5ccccc45)cc3)cccc2c1,77.54507446
c1csc(Cn2c3ccccc3c3cc(-c4nccc5c6ccccc6n(Cc6cccs6)c45)ncc32)c1,79.10595703
O=C1C=CC=CC1=CNc1ccc2nc(-c3ccc(-c4nc(-c5ccccc5)c5cc(NC=C6C=CC=CC6=O)ccc5n4)cc3)nc(-c3ccccc3)c2c1,75.85463715
c1ccc(C(c2ccccc2)c2ccc(Sc3ccc(C(c4ccccc4)c4ccccc4)cc3)cc2)cc1,79.3285675
Cn1ccnc1-c1cccc(Oc2ccc3c4cc(C(C)(C)C)cc5c4n(c3c2)-c2ncccc2C5(C)C)c1,78.3166275
c1ccc2cc3c(cc2c1)sc1ccc(-c2c4ccccc4c(-c4cc5ccc6ccccc6c5c5ccccc45)c4ccccc24)cc13,77.46331024
Cc1cc(-c2ccc(Oc3ccccc3)cc2)ccc1Sc1ccc(-c2ccc(Oc3ccccc3)cc2)cc1C,76.21601868
c1ccc2c(c1)oc1cccc(-c3c4ccccc4c(-c4ccc5oc6ccc7oc8ccccc8c7c6c5c4)c4ccccc34)c12,78.39742279
Cc1ccc(S(=O)(=O)N2c3ccccc3CC2(C)/C=C/Cc2ccccc2)cc1,75.47689819
CC1=NC(C)=NC(c2ccc(-n3c4cc(N5c6ccccc6C6C=CC=CC65C)ccc4c4ccc(-n5c6ccccc6c6ccccc65)cc43)cc2C#N)=CC1,78.21421814
C=Cc1sc2ccc(-c3ccc4sc5c(N(c6ccccc6)c6ccccc6)cc(N(C(=CCC)CCC)c6ccccc6)cc5c4c3)cc2c1C=CC,77.50704193
CC=CC=CC=C(C)c1cc(-c2ccc(-n3c4ccccc4c4c5ccccc5c5c6ccccc6sc5c43)cc2)cc(-c2ccccn2)n1,79.40434265
c1ccc(-c2cc(-c3ccccc3)cc(-c3ccc(-c4ccc(-c5cc6c7ccc8ccccc8c7sc6c6nc7cc8ccccc8cc7n56)cc4)cc3)c2)cc1,76.11950684
c1ccc2c(-c3c4ccccc4c(-c4ccc5cc(-c6cc7c8ccccc8sc7c7c6sc6ccccc67)ccc5c4)c4ccccc34)cccc2c1,77.1762619
c1ccc2cc3c(cc2c1)c1cc2c(cc1c1cccnc13)sc1ccccc12,79.75064087
Cc1ccc(-c2ccc([Si](c3ccccc3)(c3ccccc3)c3ccccc3)cc2)nc1,79.21941376
c1ccc(-c2nc(-c3cccc4oc5ccc(-c6ccc7c(c6)c6ccccc6n7-c6ccccc6)cc5c34)nc(-c3cccc4sc5ccccc5c34)n2)cc1,79.32894897
c1ccc(-c2nc(-c3ccccc3)nc(-c3ccc4oc5cc(-c6nc(-c7ccccc7)nc7c6sc6ccccc67)ccc5c4c3)n2)cc1,77.46936035
CCc1ccc(S(=O)(=O)c2nnn3c2nc(N[C@@H](C)c2ccccc2)c2ccccc23)cc1,77.69889832
COc1ccc(-c2oc(-c3c(C)c(C)cc(C)c3C)c3ccccc23)cc1OC,76.46617126
CC(C)Oc1ccc(-c2ccn3c(-c4ccc5nccnc5c4)cnc3c2)cc1,78.65382385
c1ccc2c(c1)ccc1[nH]c3c(-c4cccc5c(-c6cccc7oc8ccccc8c67)cccc45)cccc3c12,75.49687195
c1ccc(-c2nc(-c3ccccc3)nc(-c3ccc(-c4ccc5c6c4ccc4sc7cccc(c7c46)S5)cc3)n2)cc1,78.20063782
CCOn1nnnc1-c1ccc(COc2cccc(OCc3ccc4ccccc4n3)c2)cc1,75.29253387
C=Cc1c(C=CC)sc2ccc(-n3c(-c4ccccc4)cc4ccc(-c5ccc6c(c5)cc(-c5ccccc5)n6-c5cccc6c5C=CCC6)cc43)cc12,79.24664307
CC(C)(C)c1ccc(N(c2ccc(C(C)(C)C)cc2)c2cc3c(c4sc5ccccc5c24)-c2c(ccc4c2sc2ccccc24)C32c3ccccc3-c3ccccc32)cc1,79.5981369
c1ccc(-c2c3ccccc3c(-c3ccc4c(c3)sc3c(-c5c6ccccc6c(-c6ccc(-c7cccc8ccccc78)cc6)c6ccccc56)cccc34)c3ccccc23)cc1,77.59065247
Cc1ccc(C)c(COc2ccc(N(Cc3cc(C)ccc3C)Cc3cc(C)ccc3C)cc2)c1,77.41544342
C(=C(Nc1c(-c2ccccc2)cccc1-c1ccccc1)c1ccccc1)c1nc(-c2ccccc2)cs1,77.37664032
CC(C)(C)c1nc(-c2cccc(-c3cccc(-c4cccc5c4sc4ccccc45)c3)c2)c2oc3c4ccccc4ccc3c2n1,75.20259857
C1=CC2NC(c3ccc(-c4c5oc6ccccc6c5cc5c4oc4ccccc45)cc3)=C(C3=CCCC=C3)N2C=C1,78.77629852
C=C(CC)c1ccc2c(c1)nc(Nc1ccc(C)cc1)n2C(C)(C)c1ccccc1,77.65016174
CC(C)c1ccc2c(sc3c(C(C)C)cccc32)c1-n1ccnc1-c1ccccc1,77.21878052
COc1ccc(-c2c(-c3ccc(CCCN(C)C)cc3)cn3ccc4cc(OC)c(OC)cc4c23)cc1OC,76.42054749
c1ccc(-c2cc(N(c3ccc(-c4ccccc4)c4ccccc34)c3cccc4c3sc3ccccc34)ccc2-c2ccc3sc4ccccc4c3c2)cc1,79.93795776
c1ccc(-c2cc(-c3ccc(-c4cccnc4)cc3)nc(-c3ccc(-c4ccc(-c5ccc6sc7ccccc7c6c5)c5c4oc4ccccc45)cc3)n2)cc1,77.38122559
c1ccc(-c2nc(-c3ccccc3-c3nc(-c4ccccc4)c4c(n3)sc3ccccc34)nc3sc4ccccc4c23)cc1,79.90138245
CC(C)c1cccc(C(C)C)c1-n1ccnc1-c1cccc(C(C)(C)c2cccc(-c3nccn3-c3ccccc3)c2)c1,78.83739471
c1ccc2c(c1)cc(-c1ccc3oc4ccc5oc6ccc(-c7cc8ccccc8c8ccccc78)cc6c5c4c3c1)c1ccccc12,77.47444916
Cc1ccc(-c2ccc3c(c2)C(C)(C)c2cc4c(cc2-3)C(C)(C)c2cc(-c3ccc(C)s3)cc(-c3ccccc3)c2-4)s1,78.44987488
CCc1ccc(C(c2ccc(CC)cc2)c2ccc(C(c3ccc(CC)cc3)c3ccc(CC)cc3)cc2)cc1,79.0917511
COc1ccc(-c2c3ccccc3c(C(=O)c3ccccc3)c3[nH]c4ccccc4c23)cc1,79.05819702
CCCCC(CC)CC1(CC(CC)CCCC)c2cc(Nc3cccc4ccccc34)ccc2-c2ccc(Nc3cccc4ccccc34)cc21,77.86871338
Cc1cc2cc3cc4cc5sc(-c6ccc7c(ccc8c9cc%10c(cc9n(C)c78)c7ccc8ccccc8c7n%10C)c6)cc5cc4cc3cc2s1,75.3842392
CC1=CC(c2ccc(-c3ccccc3)cc2P(c2ccccc2)c2ccccc2)C(C)=C1C,78.84435272
C1=CCC(c2cc(-c3ccccc3)nc(-n3c4cc5c(cc4c4cc6c(cc43)oc3cc4c(cc36)CC4)CC5)n2)C=C1,78.92089844
c1ccc(-c2nc(-c3ccco3)c(-c3cccs3)nc2-c2cccc3ccccc23)cc1,76.89620972
COc1cc2c(cc1OC)CN(c1c(C)c(C)c3c(c1C)C(c1ccc(C(C)C)cc1)C(C)(C)O3)C2,79.13126373
c1ccc2cc(-c3ccc(-c4c5ccccc5c(-c5ccc6c(c5)sc5c7ccccc7ccc65)c5ccccc45)cc3)ccc2c1,77.75350952
CC1(C)c2ccccc2-c2cc3c(cc21)Oc1ccc(-c2ccccc2P(=O)(c2ccccc2)c2ccccc2)cc1O3,79.03256226
N#Cc1cc(Cn2cc3nc(-c4cccc(F)c4F)nc-3cn2)ccc1-c1ccccc1,76.38656616
Cc1ccnc(-c2cc(Cc3cc(-c4cc(C)ccn4)nc(-c4ccc5ccc6cccnc6c5n4)c3)ccn2)c1,79.72084808
c1ccc(-c2ccc3ccc(-c4ccc5ccc6ccc7cc(-c8ccc9c(c8)cc(-c8ccc%10oc%11ccccc%11c%10c8)c8ccc%10ccc%11ccccc%11c%10c89)c8ccccc8c7c6c5c4)cc3c2)cc1,78.58796692
c1ccc2c(c1)sc1c(-c3ccc(-c4ccnc(-c5cc(-c6ccc(-c7cccc8c7sc7ccccc78)cc6)ccn5)c4)cc3)cccc12,79.62114716
Cc1cc(C)c(-c2ccc3c(c2)c2c(-c4cccc(-c5cccc6c5c5cc(-c7c(C)cc(C)cc7C)ccc5n6-c5ccc6sc7ccccc7c6c5)c4)cccc2n3-c2ccc3oc4ccccc4c3c2)c(C)c1,78.60397339
Cc1ccccc1OPOc1ccc2ccccc2c1Cc1c(OPOc2ccccc2C)ccc2ccccc12,79.62255859
c1cncc(-c2c3ccccc3c(-c3ccc4c(c3)sc3ccc(-c5c6ccccc6c(-c6cccnc6)c6ccccc56)cc34)c3ccccc23)c1,77.36418915
c1ccc(-c2nc3ccccc3nc2-c2ccc(-c3ccc(-c4nc5ccccc5n4C4C5CC54)cc3)cc2)cc1,77.74467468
CC=CC=C(C)c1ccc(-c2ccc(Cc3ccc(C(C=CCc4ccccc4)=CC)c(C)c3)cc2C)cc1,79.52774811
C(=C/c1ccc(Cc2ccccc2)cc1)\c1ccc(Cc2ccccc2)cc1,75.20744324
C(=CP(Cc1ccccc1)c1ccccc1)P(C=CP(Cc1ccccc1)c1ccccc1)c1ccccc1,75.71385956
c1cc(-c2cnc3sc4c(-c5cccc(-c6cccc7c6oc6ccccc67)c5)cccc4c3n2)cc(-c2cccc3c2sc2ccccc23)c1,75.26570129
c1ccc2cc(-c3c4ccccc4c(-c4ccc5c(c4)sc4ccc6sc7ccccc7c6c45)c4ccccc34)ccc2c1,77.8196106
c1ccc2cc(-c3c4ccccc4c(-c4cccc5oc6cc7ccccc7cc6c45)c4ccccc34)ccc2c1,78.77465057
c1ccc(-c2ccc(-c3cccc(-c4cccc(-c5cccc6c5sc5ccccc56)c4)c3)cc2)cc1,79.25347137
c1cc(-c2cc(-c3ccncc3)cc(-c3ccncc3)c2)cc(-c2cccc3c2sc2c(-c4cccc5c4sc4ccccc45)cccc23)c1,78.34640503
N#Cc1ccc(Cn2nc(-c3c(-c4ccccc4)nn4ccccc34)ccc2=O)cc1,77.66317749
c1ccc(-c2cc(-c3ccc4sc5ccccc5c4c3)cc(N(c3ccc(-c4ccc5ccccc5c4)cc3)c3cccc4c3oc3ccccc34)c2)cc1,75.96062469
CC(C)c1cccc(C(C)C)c1-n1ccnc1-c1cccc([Si](c2ccccc2)(c2ccccc2)c2cccc(-c3ccccn3)c2)c1,77.70287323
CNc1ccc(NC)c(-c2ccc(-c3nc(-c4ccccc4)cc(-c4ccccc4)n3)cc2)c1,79.58383179
CC(C)(C)c1cccc2nc(-c3ccccc3)n3ccnc3c12,76.9365387
CC1(C)c2cc(C=Cc3ccc(-c4ccc5c(c4)-c4ccccc4[Si]54Cc5ccccc5C4)cc3)ccc2-c2ccc(C=Cc3ccc(-c4ccc5c(c4)-c4ccccc4[Si]54Cc5ccccc5C4)cc3)cc21,76.51818848
c1ccc2cc3c(cc2c1)c1c2c(cc4c5ccccc5n3c41)c1ccccc1n2-c1nc(-n2c3ccccc3c3c4ccccc4ccc32)c2sc3ccccc3c2n1,78.53466034
c1ccc(-c2ccc(-c3cccc(-c4cccc5c4sc4c(-c6cccc(-c7ccc8c9ccccc9c9ccccc9c8c7)c6)cccc45)c3)cc2)cc1,77.52133942
c1ccc2c(c1)oc1c2cc2c3c1ccc1cc4c5ccccc5sc4c(c13)n2-c1ccc(-c2ccc3sc4ccccc4c3c2)cc1,78.60702515
CN(C)c1ccc([C@H]2N[C@@H](c3ccccc3)c3c(ccc4ccccc34)O2)cc1,79.41481018
c1ccc(N(c2ccc3c(c2)C(c2ccccc2)(c2ccccc2)c2ccccc2-3)c2cc3oc4ccccc4c3c3sc4ccccc4c23)cc1,76.71572113
Cc1ccccc1-c1c2cc3c4cccc5c(-c6cccc7c6sc6ccccc67)ccc(c54)c3c3c4ccccc4c(c4c5ccc6c7ccc8c9c(ccc(c%10ccc(c14)c5c%106)c97)-c1ccccc1-8)c23,78.77528381
CC(C)c1nc(Nc2ccccc2)c2cnn(-c3ccccc3)c2n1,76.22794342
c1ccc(-n2c3ccccc3c3ccc(Oc4ccc5sc6oc7cccnc7c6c5c4)cc32)nc1,78.576828
CC=Cc1ccc2c(c1)C1(CCCC1)c1cc(-c3ccc4c(c3)C3(CCCC3)c3cc(C=Cc5ccc(-c6ccc7c(c6)c6ccccc6n7-c6ccc7c(c6)C(C)(C)c6ccccc6-7)cc5)ccc3-4)ccc1-2,78.33909607
C=CC=CC(=CC)c1cccc(-c2cc(-c3cccc4ccccc34)cc3c2sc2ccc(-c4ccc5c(c4)c4ccccc4n5-c4cc5cccc6ccc7cc8c(c4c7c65)-c4ccccc4C8(C)C)cc23)c1,78.57237244
CSc1c2cccc3c4cccc5cc6cccc7c8cccc1c8c(c23)c(c54)c67,77.10508728
c1ccc(-c2c3c(c(-c4ccc(P(c5cccnc5)c5cccnc5)cc4)c4ccccc24)-c2cccc4cccc-3c24)cc1,78.03825378
[C-]#[N+]c1ccc(N(c2c(F)ccc(-c3ccccc3)c2F)c2ccc3ccc4c(N(c5ccc(C#N)cc5)c5c(F)ccc(-c6ccccc6)c5F)ccc5ccc2c3c54)cc1,76.36777496
C1=C(c2ccccc2)c2ccccc2N(c2ccccc2)N1,75.49507141
CC(C)(C)c1ccc2c(c1)C(C)(C)c1c(-c3ccc(N(c4ccc5ccccc5c4)c4cccc5ccccc45)c4c3C(C)(C)c3cc(C(C)(C)C)ccc3-4)ccc(N(c3ccc4ccccc4c3)c3cccc4ccccc34)c1-2,93.87166595
Cc1cc(N(c2ccccc2)c2ccc(C(C)C)cc2)cc2c1-c1ccc3c(c1C2(C)C)C(C)(C)c1cc(N(c2ccccc2)c2ccc(C(C)C)cc2)cc(C)c1-3,92.65710449
c1ccc(-c2cccc(-c3cccc(N(c4ccccc4-c4cccc(-c5cccc6ccccc56)c4)c4cccc5c4-c4ccccc4C5(c4ccccc4)c4ccccc4)c3)c2)cc1,92.71838379
CC(C)(C)c1ccc(N(c2ccc(C(C)(C)C)cc2)c2ccc3c4ccc(C=C5c6ccccc6C(=O)c6ccccc65)c5cccc(c6cccc2c63)c54)cc1,93.53726196
C1=CC2=C(CC1)c1ccccc1C21c2ccccc2-c2c1ccc1c2Oc2cc(N(c3ccccc3)c3ccccc3-c3ccc(-c4ccccc4)cc3)ccc2O1,91.29362488
CC(C)(C)c1ccc(-c2cc(-c3ccc(-c4nc5ccccc5c5ccccc45)cc3)cc(-c3nc(-c4ccccc4)nc(-c4ccccc4)n3)c2)cc1,91.2543335
c1ccc(-c2ccc(-c3nc(-c4ccccc4)cc(-c4ccc5c(c4)C4(c6ccccc6-c6ccccc64)c4ccccc4-5)n3)cc2)cc1,91.48033905
CC1(C)c2ccccc2-c2ccc(N(c3ccc(-c4cccc5c4Oc4ccccc4O5)cc3)c3cccc4ccccc34)cc21,92.7736969
c1ccc(-c2ccc(-c3nc(-c4ccccc4)nc(-c4cccc(-c5cccc6c5Oc5ccccc5C65c6ccccc6-c6ccccc65)c4)n3)cc2)cc1,91.67527771
Cc1c(-c2ccc(-n3c4c(c5c6ccccc6c6ccccc6c53)CCc3ccccc3-4)cc2)cc(Cc2ccccc2)c2ccccc12,93.39305878
C1=CC2C(C=C1c1ccc(-c3nc(-c4ccccc4)cc(-c4ccccc4)n3)cc1)c1ccccc1N2c1cccc(-c2cccc3c2c2ccccc2n3-c2ccccc2)c1,92.74510193
c1ccc(-c2nc(-c3ccccc3)c3cc(-n4c5cccc6c5c5c7c(cccc7ccc54)-c4ccccc4-6)c4ccccc4c3n2)cc1,91.75417328
Cc1ccccc1-c1cccc(-c2cccc(-c3cccc4c3c3ccccc3n4-c3ccc(-c4c5ccccc5c(-c5ccccc5)c5ccccc45)cc3)c2)c1C,91.26992035
c1ccc(N(c2ccccc2)c2ccc(-c3ccc4ccc5c(N(c6ccccc6)c6ccnc7ccccc67)ccc6ccc3c4c65)c3ccccc23)cc1,91.56437683
N#Cc1ccc(N(c2ccc3c(c2)c2ccccc2n3-c2ccccc2)c2ccc3c(c2)c2cc(N(c4ccc(C#N)cc4)c4ccc5c(c4)c4ccccc4n5-c4ccccc4)cc4c2n3-c2ccccc2C42c3ccc4ccccc4c3-c3c2ccc2ccccc32)cc1,90.59626007
Cc1ccccc1N(c1ccccc1)c1ccc(/C=C/c2ccc(N(c3ccccc3)c3ccc4ccccc4c3)cc2)cc1,92.51769257
N#Cc1cc(-c2nc(-c3ccccc3)nc(-c3ccc(-c4ccccc4)cc3)n2)ccc1-n1c2ccccc2c2ccc3c(c4ccccc4n3-c3ccc4ccccc4c3)c21,93.76272583
c1ccc(-c2cc(-c3ccccc3)nc(-c3ccc(-c4cccc5ccc(-c6ccc(-c7cnc8ccccc8c7)cc6)cc45)cc3)n2)cc1,91.5670929
c1ccc(N2c3ccccc3B3c4cc5c(cc4Oc4cccc2c43)N(c2ccccc2)c2cc3c4c6c2B5c2ccccc2N6c2ccccc2B4c2ccccc2O3)cc1,92.67834473
CC12C=CC=CC1c1ccccc1N2c1ccc2c3ccccc3n(-c3ccc(-c4ccc(-n5c6ccccc6c6ccc(-n7c8ccccc8c8ccccc87)cc65)cc4)cc3)c2c1,90.05875397
Cc1cc(C)c(-c2ccc3c(c2)c2ccccc2n3-c2ccc(-n3nc(-c4ccccc4)cc3-c3ccccc3)cc2)c(C)c1,91.49716187
CC1(C)c2ccccc2-c2cc3c4ccccc4n(-c4cc(-c5cccc(C#N)c5)cc(-c5nc(-c6ccccc6)nc(-c6ccc(-c7ccccc7)cc6)n5)c4)c3cc21,91.58625793
Cc1ccc(N(c2ccccc2)c2ccc3c(c2)c2cc(-c4ccccc4)ccc2n3-c2ccc(-c3nc(-c4ccccc4)nc(-c4ccccc4)n3)cc2)cc1,93.90224457
C=Cc1ccc(N(c2ccc(-c3cccc(-c4cccc(C)c4)c3)cc2)c2cccc3c2CCC=C3)cc1,90.44218445
Cc1ccc(N(c2ccccc2)c2c3ccccc3cc3c2c2cccc4c5c(N(c6ccc(C)cc6)c6ccc(C)cc6)c6ccccc6cc5n3c24)cc1,92.55856323
CC(C)(C)c1cccc(N2CN(c3cccc(Oc4ccc5c6ccccc6n(-c6cc(C(C)(C)C)ccn6)c5c4)c3)c3ccc(C(C)(C)c4ccccc4)cc32)c1,91.86230469
c1ccc2c(c1)c1cc(-n3c4ccc(-n5c6ccccc6c6ccccc65)cc4c4cc(-n5c6ccccc6c6ccccc65)ccc43)ccc1c1ccc(-n3c4ccc(-n5c6ccccc6c6ccccc65)cc4c4cc(-n5c6ccccc6c6ccccc65)ccc43)cc21,93.92640686
c1ccc(-c2cc3c(c4c5ccccc5n(-c5ccccc5)c24)-c2ccccc2C3(c2ccccc2)c2ccccc2)cc1,90.06613922
Cc1c(-n2c3ccccc3c3c2ccc2c4ccccc4n(-c4ccccc4)c23)cc(-n2c3ccccc3c3c2ccc2c4ccccc4n(-c4ccccc4)c23)c(C#N)c1-c1cncc2cnccc12,91.11949158
C=CC=c1c(=CC)c2ccccc2n1-c1ccc2c(c1)C(C)(C)c1cc(N(c3ccc4ccccc4c3)c3cccc4ccccc34)ccc1-2,90.46026611
c1ccc(-c2nc(-c3ccc(-c4cccc5cccnc45)cc3)nc(-c3ccc(-c4cccc5c4-c4ccccc4C54c5ccccc5-c5ccccc54)c4ccccc34)n2)cc1,90.48527527
Cc1ccc(N2c3ccccc3CCCc3ccccc32)c(-c2ccccc2)c1,90.84606171
c1ccc(-n2ccc3c4ccc5c(c4ccc32)c2ccccc2n5-c2ccc(-c3ccccn3)nc2)cc1,91.35372925
c1ccc2c(c1)cc(-c1ccc(-c3c4ccccc4n4c3cnc3ccccc34)cc1)c1ccccc12,92.82914734
CC(C)c1cc(C(C)C)c(-c2ccc3c(c2)N(c2cc(Oc4ccc5c6ccccc6n(-c6cc(C(C)(C)C)ccn6)c5c4)cc(C(C)(C)C)c2)CN3c2cc(-c3ccccc3)cc(C(C)(C)C)c2)c(C(C)C)c1,90.74979401
CC1(C)c2ccc3cccc4c3c2-c2c1c(N(c1ccccc1)c1ccccc1)c1ccccc1c2C4(C)C,92.71883392
CC1(C)c2ccccc2-c2ccc(N(c3ccc4c(c3)Oc3ccccc3O4)c3ccc4c(c3)oc3cccc5cccc4c53)cc21,92.03886414
c1ccc2c(c1)c1ccccc1n2-c1ccc2c(c1)Oc1cc(-n3c4ccccc4c4ccccc43)ccc1O2,91.19577789
c1ccc(-c2ccc(-c3cc(-c4ccccc4)nc(-c4ccc(-c5cccc(-c6nc7c(-c8ccccc8)cccc7c7c6ccc6ccccc67)c5)cc4)n3)cc2)cc1,91.15579224
c1ccc2c(c1)-c1ccccc1C21c2ccccc2-c2cc(-c3cccc4ccccc34)c(N(c3ccc(-c4cccc5ccccc45)cc3)c3ccc4c5ccccc5c5ccccc5c4c3)cc21,91.6958847
CC(C)(C)c1ccc2c(c1)c(N(c1ccc3c(c1)CCC3(C)C)c1ccc3c(c1)C(C)(C)CC3)cc1c3ccccc3c(N(c3ccc4c(c3)CCC4(C)C)c3ccc4c(c3)C(C)(C)CC4)cc21,91.19766235
c1ccc(-n2c3ccccc3c3cc4c(cc32)c2nccnc2c2ccc3c5ccccc5n(-c5ccccc5)c3c42)cc1,93.83675385
c1ccc(-c2nc(-c3ccccc3)nc(-c3cc(-c4cccc(-c5ncccn5)c4)cc(-c4cccc5ccccc45)c3)n2)cc1,90.19963837
CC1(C)c2ccccc2-c2ccc(-c3cc(-n4c5ccccc5c5cc(-c6ccc7c(c6)c6ccccc6n7-c6ccccc6)ccc54)c4c5ccccc5c5ccccc5c4c3)cc21,91.63518524
CC1(C)c2ccccc2C2(c3ccccc3-c3ccc(-c4ccc(-c5nc(-c6ccc(-c7ccccc7)cc6)nc(-c6ccc(-c7ccccc7)cc6)n5)cc4)cc32)c2ccccc21,91.41493988
c1ccc(-n2c3ccccc3c3ccc4c(c5ncccc5n4-c4cccc(-c5cccc(-n6c7ccccc7c7ccccc76)c5)c4)c32)cc1,92.46323395
c1ccc(-c2nc3ccccc3nc2-n2c3ccc(-c4ccc5c(c4)c4ccccc4n5-c4ccccc4)cc3c3cc4ccccc4cc32)cc1,93.34944916
c1ccc(N(c2ccccc2)c2ccnc3c2ccc2c(-c4ccc5ccc6c7c(ccc4c57)cc4c6c5ccccc5n4-c4ccccc4)ccnc23)cc1,90.84218597
c1ccc(-c2nc(-c3ccccc3)nc(-c3ccccc3-c3nc4ccccc4c4c5ccccc5c5ccccc5c34)n2)cc1,91.35395813
c1ccc(-c2cc3c(cc2-c2nc(-c4ccccc4)c4c(n2)-c2ccccc2C4)-c2ccccc2C3(c2ccccc2)c2ccccc2)cc1,90.77529144
CC1(C)c2c(ccc3cc(N(c4ccccc4)c4ccccc4)ccc23)-c2c1c1ccc(N(c3ccccc3)c3ccccc3)cc1c1ccccc21,93.99793243
CC1(C)c2ccccc2-c2cc3c4ccccc4n(-c4ccc(-n5c6ccccc6c6cc7c8ccccc8c8ccccc8c7cc65)cc4)c3cc21,93.03422546
c1ccc(-c2nc3ccccc3nc2-n2c3ccccc3c3cc4c(cc32)C(c2ccccc2)(c2ccccc2)c2ccc3ccccc3c2-4)cc1,92.8946991
c1ccc(N(c2ccccc2)c2c3ccccc3c(-c3cccc4c3ccc3cc5ccccc5cc34)c3ccccc23)cc1,90.09584045
c1ccc(-c2ccc(-n3c4cccc5c6cccc7c6c6c(c54)c3ccc6n7-c3ccc(-c4ccccc4)cc3)cc2)cc1,90.24465179
c1ccc(-c2cc(-c3ccccc3-c3ccccc3)nc(-c3ccc(C4(c5ccccc5)c5ccccc5-n5c6ccccc6c6cccc4c65)cc3)n2)cc1,93.97760773
c1ccc(N(c2ccccc2)c2cccc3c2C2(c4ccccc4-c4cc5c6ccccc6c6ccccc6c5cc42)c2ccccc2-3)cc1,92.96588135
C=Cc1ccc2cccc(-n3c4ccccc4c4cc(-c5ccc6c(c5)c5c7ccccc7ccc5n6-c5nc6c7c(cccc7n5)Oc5ccccc5-6)ccc43)c2c1C=C,91.05651093
c1ccc(-n2c3ccccc3c3cc(-n4c5ccccc5c5c(-c6cccc7c6c6ccccc6n7-c6cc7ccccc7c7ccccc67)cccc54)ccc32)cc1,93.081604
c1ccc(-n2c3ccccc3c3ccc(-c4ccc5c6ccccc6n(-c6ccc(-n7c8ccccc8c8ccccc87)cc6)c5c4)cc32)cc1,93.38925934
Cc1ccc(-c2cc3cc4c(cc3n2-c2cccc3ccccc23)CC(c2ccc(C)cc2)N4c2cccc3ccccc23)cc1,93.53658295
Cc1ccc2c(-c3nc(-c4ccccc4)nc(-c4ccccc4)n3)c3ccccc3c(-c3ccc4c(c3)C(C)(C)c3ccccc3-4)c2c1,93.54059601
C1=CC2c3cc(-c4ccc(-c5ccc(N(c6ccc(-c7ccccc7)cc6)c6ccc(-c7cccc8ccccc78)cc6)cc5)cc4)ccc3N(c3ccccc3)C2C=C1,91.47044373
c1ccc(-n2c3ccccc3c3c4c(ccc32)c(-c2cccc(-c3ccc(-c5nc(-c6cccc7ccccc67)c6ccccc6n5)cc3)c2)nc2ccccc24)cc1,91.6998291
c1ccc(-c2ccc(N(c3ccc(-c4ccc(-c5cc(-c6ccccc6)c6cc(N(c7ccc(-c8ccccc8)cc7)c7ccc8c(c7)c7ccccc7n8-c7ccccc7)ccc6n5)cc4)cc3)c3ccc4c(c3)c3ccccc3n4-c3ccccc3)cc2)cc1,91.74575043
c1ccc(-c2nc(-c3cccc(-n4c5ccccc5c5ccc(-c6ccc7c(c6)c6ccccc6n7-c6ccccc6)cc54)c3)nc3c2-c2cccc4cccc-3c24)cc1,92.51004028
c1ccc2cc3c(cc2c1)c1ccccc1n3-c1ccc(-c2nc(-c3ccncc3)c3ccccc3n2)cc1,92.06360626
c1ccc(-c2nc(-c3ccccc3-n3c4ccccc4c4cc(-c5cccnc5-c5ccccc5)ccc43)cc(-c3ccccc3-n3c4ccccc4c4cc(-c5cccnc5-c5ccccc5)ccc43)n2)cc1,91.19287109
c1ccc(-c2nc(-n3c4ccccc4c4ccc(-c5cccc(-c6ccc7c(c6)Sc6ccccc6N7c6ccccc6)c5)cc43)nc3ccccc23)cc1,90.95765686
c1ccc(-n2c3ccccc3c3ccc(-c4cccc(-c5ncc6c(n5)-c5cccc7cccc-6c57)n4)cc32)cc1,91.49259949
c1ccc(-c2ccc(-n3c4ccccc4c4cc5c(ccc6c7ccccc7n(-c7ccccc7)c56)cc43)cn2)cc1,92.29134369
N#Cc1ccc(-c2ccc(-c3cccc(-n4c5ccccc5c5ccccc54)c3)cc2)cn1,91.01844025
N#Cc1ccc2c3c1ccc1cc(-c4c5ccccc5c(-c5ccc(-c6ccccc6)c6ccccc56)c5ccccc45)cc(c13)n2-c1ccccc1,92.37438202
Cc1cccc(N(c2ccccc2)c2cc3c(c4ccccc24)CC=C2C(=CCC3(C)C)c3c(cc(N(c4ccccc4)c4cccc(C)c4)c4ccccc34)C2(C)C)c1,90.43639374
c1ccc(-c2nc(-c3ccc(-c4c5ccccc5c(-c5ccccc5)c5ccccc45)cc3)nc(-c3ccc4ccccc4c3)n2)cc1,90.4180603
Cc1nc(-c2ccccc2)c2c(cc(-c3cccc(-c4ccccc4)c3)c3ccccc32)n1,90.48752594
Cc1ccc(N(c2ccc(C)cc2)c2ccc(-c3c(-c4ccc(N(c5ccc(C)cc5)c5ccc(C)cc5)cc4)c4c5ccccc5n(-c5ccccc5)c4c4c3c3ccccc3n4-c3ccccc3)cc2)cc1,92.92141724
c1ccc(-c2cccc(-c3cccc(-c4nc(-c5ccccc5)nc(-n5c6ccccc6c6c5ccc5c7ccccc7n(-c7ccccc7)c56)n4)c3)c2)cc1,90.80623627
C/C=C\C=C/C=C/N(c1ccc(C2(c3ccc(N(c4ccccc4)c4ccc(-c5ccccc5)cc4)cc3)c3ccccc3-c3ccccc32)cc1)c1ccc2c(c1)C(C)(C)c1ccccc1-2,90.70010376
c1ccc(-n2c3ccccc3c3c(-c4cccc5c4c4cnccc4n5-c4ccccc4)cccc32)cc1,92.73461914
CC1(C)c2cc(-c3nc(-c4ccccc4)cc(-c4cccc(-c5cccc(-c6nc(-c7ccccc7)nc(-c7ccccc7)n6)c5)c4)n3)ccc2-c2ccc3ccccc3c21,91.78245544
CC1(C)c2cc(N(c3ccc(-c4ccc(-c5ccccc5)cc4)cc3)c3ccc(-c4ccc(-c5ccccc5)cc4)cc3)ccc2-c2ccc(-n3c4ccccc4c4cc(-c5ccccc5-c5ccccc5)ccc43)cc21,91.98350525
c1ccc(-c2ccc(-c3nc(-c4ccc(-n5c6ccccc6c6cc(-c7ccccc7)ccc65)cc4)nc(-c4cccc(-c5ccccc5)c4)n3)cc2)cc1,93.94172668
c1ccc(-c2nc(-c3ccccc3)nc(-c3ccc(-c4cc5c(c6ccccc46)-c4c(ccc6ccccc46)C54c5ccccc5-c5ccccc54)cc3)n2)cc1,91.06198883
c1ccc(-c2cc(-c3cc(-n4c5ccccc5c5ccccc54)cc(-n4c5ccccc5c5ccncc54)c3)nc(-c3ccccc3)n2)cc1,92.92728424
Cc1cccccc(-n2c(C)c(C)c3cc4ccc5c6c(ccc(c46)c32)cc2c(C)c(C)n(-c3c4ccccc4c(C(C)(C)C)c4ccccc34)c25)c2ccccc2c1C(C)(C)C,92.84500122
CCCCc1ccc(N2c3cc4ccccc4cc3N(c3ccc(CCCC)cc3)C3C=c4ccccc4=CC32)cc1,91.19115448
c1ccc(-c2cccc3nc4c(ccc5cc6c(ccc7cc8ccccc8nc76)cc54)cc23)cc1,92.30093384
c1ccc(-c2ccc(-c3cc(-c4ccc(-c5ccc(-c6cc(-c7ccc(-c8ccccc8)cc7)nc(-c7cccc8ccccc78)n6)cc5)cc4)nc(-c4cccc5ccccc45)n3)cc2)cc1,91.40687561
CCCC(C)(CC)c1cc(-c2ccccc2)c(OC(C)CC)c(-c2ccc(-c3cc(-n4c5ccccc5c5ccccc54)cc(-n4c5ccccc5c5ccccc54)c3)cc2)c1,90.4029541
c1ccc(-c2ccc(-n3c4ccccc4c4cc(-c5ccc(-c6ccc7c(c6)c6ccncc6n7-c6cccc(-c7ccccc7)c6)cc5)ccc43)cc2)cc1,91.02819061
c1ccc2c(-c3nc(-n4c5ccccc5c5cc6c7ccccc7n7c8ccccc8c(c54)c67)c4ccccc4n3)cccc2c1,92.94564056
Cc1ccnc(-n2c3cc(Oc4cccc(N5CN(c6cccc(C(C)(C)C)c6)c6ccccc65)c4)ccc3c3ccc(C(C)(C)C)cc32)c1,91.71724701
c1ccc(C2(c3ccccc3)c3ccccc3-c3ccc(-n4c5ccccc5c5cc(-c6ccc7cc(N(c8ccc9ccccc9c8)c8cccc9ccccc89)ccc7c6)ccc54)cc32)cc1,92.56611633
c1ccc(-c2cccc(-c3c4ccccc4c(-c4cccc(-n5c6ccccc6c6ccccc65)c4)c4ccccc34)c2)cc1,90.11196899
CC1(C)c2ccccc2-c2ccc(N(c3cccc(-c4ccc(-n5c6ccccc6c6ccccc65)c5ccccc45)c3)c3cccc4c3-c3ccccc3C4(C)C)cc21,93.0575943
c1ccc(-c2nc(-c3ccc4c(c3)-c3ccccc3C4c3ccccc3)nc(-c3ccc(N4c5cc6ccccc6cc5-c5cccc6cccc4c56)c4ccccc34)n2)cc1,93.86552429
c1cc(-c2ccc(-c3nc4ccccc4c4c3ccc3ccccc34)cc2)cc(-c2cc(-c3ccc4ccccc4c3)nc(-c3ccc4ccccc4c3)n2)c1,90.08325195
CC1(C)c2ccccc2-c2ccc(-c3nc(-c4ccccc4)nc(-c4ccc(-c5cccc6c5Oc5ccccc5C65c6ccccc6-c6ccccc65)cc4)n3)cc21,91.46752167
c1ccc(N(c2ccccc2)c2ccc3ccc4c(c3c2)c2ccccc2n4-c2ccc3ccccc3c2)cc1,92.52878571
c1ccc2c(N3c4c(ccc5ccccc45)-c4cccc5cccc3c45)c(-c3nc4ccccc4nc3-c3cc4ccccc4c4ccccc34)ccc2c1,94.76782227
Cc1cc(/C=C/c2ccccc2)ccc1N(c1ccccc1)c1ccc(N(c2ccccc2)c2ccc(/C=C/c3ccccc3)cc2C)c2c1-c1ccccc1-2,94.16587067
Cc1cc(C)c(B2c3c(C)cc(C)cc3-c3cccc4c(-c5ccc(N(c6ccccc6)c6cccc7ccccc67)cc5)c5ccccc5c2c34)c(C)c1,94.46218109
Cc1cc(C)cc(N(c2ccc3c(c2)C(C)(C)c2cc(C=Cc4ccc(N(c5ccccc5)c5ccccc5)cc4)ccc2-3)c2cc3ccccc3c3ccccc23)c1,94.35124207
c1ccc(-c2ncc(N(c3ccc4ccccc4c3)c3cccc4c3ccn4-c3ccccc3)cn2)cc1,94.78974152
Cc1cc(C)cc(N(c2cc(C)cc(C)c2)c2cc3c4c(c2)c2cc(N(c5cc(C)cc(C)c5)c5cc(C)cc(C)c5)cc5c2n4-c2c(cccc2C5(C)C)C3(C)C)c1,94.28232574
CC1(C)c2ccccc2-c2c(-c3cccc(-c4nc(-c5ccccc5)c5ccccc5n4)c3)cc3ccccc3c21,94.22685242
CC1(C)c2cccc3c2N2c4c1cc(CC(c1ccccc1)c1ccc5ccccc5c1)cc4C(C)(C)c1cc(-c4ccc(N(c5ccccc5)c5ccccc5)cc4)cc(c12)C3(C)C,94.46351624
CC1(C)c2ccccc2N2c3ccc(-c4ccc5cc(N(c6cccc7ccccc67)c6cc7ccccc7c7ccccc67)ccc5c4)cc3C(C)(C)c3cccc1c32,95.8270874
CC1(C)c2ccccc2N(c2cccc3cccc(S(=O)(=O)c4ccccc4)c23)c2ccccc21,95.68503571
CCC(C)(C)c1ccc2c(c1)c1ccccc1n2-c1cc(-n2c3ccccc3c3ccccc32)cc(-n2c3ccccc3c3ccccc32)c1,95.09133148
N#Cc1ccc(-c2ccccc2-n2c3ccccc3c3ccccc32)cc1-c1ccc2c(c1)c1ccccc1n2-c1ccccc1,94.67316437
CC1(C)c2ccccc2N(c2c3ccccc3c(-c3cc4c(c5ccccc35)-c3ccccc3C4(C)C)c3ccccc23)c2ccccc21,94.42237854
N#Cc1cc(-n2c3ccccc3c3c(-n4c5ccccc5c5ccccc54)cccc32)ccc1-c1cccc(-n2c3ccccc3c3c(C#N)cccc32)c1,96.10041809
CC1(C)c2ccccc2-c2c(N(c3ccc(-c4ccccc4)cc3)c3ccc(-c4ccccc4)cc3)cc(N(c3ccccc3)c3ccc(-c4ccccc4)cc3)cc21,94.18908691
c1ccc(-c2ccccc2-c2cc(-n3c4ccccc4c4ccccc43)cc(-n3c4ccccc4c4ccccc43)c2)c(-c2cc(-n3c4ccccc4c4ccccc43)cc(-n3c4ccccc4c4ccccc43)c2)c1,94.50679016
c1ccc(-c2cc(-c3ccccc3)nc(-c3cccc(-n4c5ccccc5c5ccc6c7ccccc7n(-c7ccc8ccccc8c7)c6c54)c3)n2)cc1,94.46368408
CC12c3ccccc3-c3cccc(c31)N(c1ccc(-c3ccc4c(c3)c3cc(-c5ccccc5)ccc3n4-c3ccccc3)cc1)c1ccc(-c3cccc4c3c3ccccc3n4-c3ccccc3)cc12,94.11258698
N#Cc1c(-c2ccccc2)c(-n2c3ccccc3c3cc(-n4c5ccccc5c5ccccc54)ccc32)c(-c2ccccc2)c(C#N)c1-n1c2ccccc2c2cc(-n3c4ccccc4c4ccccc43)ccc21,96.86032104
Cc1ccc2c3c1C(C)(C)c1ccccc1B3c1cc(C(C)C)cc3c1N2c1ccc(C)c2c1B3c1ccccc1C2(C)C,94.11283112
CC(C)(C)c1ccc2c(c1)B1c3ccc(N(c4ccccc4)c4ccccc4)cc3N(c3ccc(C(C)(C)C)cc3-c3ccccc3)c3cc(-c4ccccc4)cc(c31)N2c1ccc(C(C)(C)C)cc1-c1ccccc1,95.41473389
N#Cc1ccc(-c2c(C#N)c(-n3c4ccccc4c4ccccc43)c(-n3c4ccc(-n5c6ccccc6c6ccccc65)cc4c4c5ccccc5ccc43)c(-n3c4ccccc4c4ccccc43)c2C#N)cc1,95.34661102
CC1(C)c2cc(-c3ccc4c(c3)C3(c5ccccc5-4)c4ccccc4N(c4ccccc4)c4ccccc43)ccc2-c2ccc(N(c3ccc(-c4ccccc4)cc3)c3ccccc3-c3ccccc3)cc21,96.46560669
CC1(C)c2ccccc2N(c2ccccc2)c2cc(-n3c4ccccc4c4ccc5c(c6ccc7ccc8c9ccccc9n9c%10ccccc%10n5c6c7c89)c43)ccc21,94.88676453
Cc1noc(C)c1-c1cc(-n2c3ccccc3c3ccccc32)cc(-n2c3ccccc3c3ccccc32)c1,94.31491852
c1ccc(-c2ccc3c(c2)c2cc4c5cccc6cccc(c65)n(-c5nc(-c6ccccc6)cc(-c6ccccc6)n5)c4cc2n3-c2ccccc2)cc1,94.05404663
C=C1c2c(ccc3ccccc23)-c2ccc(-n3c4cc5c(cc4c4cc6c7ccccc7c7ccccc7c6cc43)-c3ccccc3C5(C)C)cc2N1c1ccccc1C,94.79122162
N#Cc1cc(-c2cc(-c3ccccc3)nc(-c3ccccc3)n2)c(-n2c3ccccc3c3ccccc32)cc1-n1c2ccccc2c2ccccc21,94.74759674
CC1(C)c2ccccc2-c2cccc(N(c3ccccc3-c3ccccc3)c3ccccc3-c3ccc4c(c3)-c3ccccc3C43c4ccccc4N(c4ccccc4)c4ccccc43)c21,96.14185333
CC(C)(C)c1cc(-n2c3ccccc3c3c2ccc2c4ccc5c(c6ccccc6n5-c5ccc(-n6c7ccc(C(C)(C)C)cc7c7cc(C(C)(C)C)ccc76)cc5C#N)c4n(-c4cc(C(C)(C)C)cc(C(C)(C)C)c4)c23)cc(C(C)(C)C)c1,96.28102112
c1ccc(-n2c3ccccc3c3ccc(-n4c5ccccc5c5c6ccccc6c6c(c7ccccc7n6-c6ccccc6)c54)cc32)cc1,94.1556778
CC1(C)c2ccccc2N(c2cccc(-n3cc(-c4ccc(-n5c6ccccc6c6ccccc65)cc4)nn3)c2)c2ccccc21,94.01956177
c1ccc(-c2cc(-c3ccccc3)nc(-n3c4ccccc4c4cc5c(cc43)N(c3ccccc3)c3ccccc3-c3ccccc3-5)n2)cc1,94.27744293
Cc1ccc(C2(c3ccc(C)cc3)c3cccc(-c4nc(-c5ccccc5)cc(-c5ccccc5)n4)c3-n3c4ccccc4c4cccc2c43)cc1,94.30886078
c1ccc(-c2cc(-c3ccc(-c4nc5ccccc5c5cc6c(cc45)N(c4ccccc4)c4ccccc4C64c5ccccc5-c5ccccc54)cc3)nc(-c3ccccc3)n2)cc1,95.21846771
N#Cc1cccc(-n2c3ccccc3c3c(-n4c5ccccc5c5cc(-n6c7ccccc7c7ccccc76)ccc54)cccc32)c1,94.72788239
c1ccc(N2c3ccccc3B3c4ccccc4Oc4cc(-n5c6ccccc6c6c7c8ccccc8n(-c8ccccc8)c7ccc65)cc2c43)cc1,94.13685608
CC1(C)c2ccccc2N(c2cccc(-c3cncc(C#N)c3)c2)c2ccccc21,94.32737732
CC1(C)c2ccccc2N(c2cccc(-c3ccccc3)c2)c2cccc(-c3ccc(N(c4ccc(-c5ccccc5)cc4)c4cccc5c4-c4ccccc4C54c5ccccc5-c5ccccc54)cc3)c21,96.47041321
N#Cc1cc(-c2ccc(-c3cc(-c4ccccc4)nc(-c4ccccc4)n3)cc2)ccc1-n1c2ccc(N(c3ccccc3)c3ccccc3)cc2c2cc(N(c3ccccc3)c3ccccc3)ccc21,94.1593399
N#Cc1ccccc1-n1c2ccccc2c2c1ccc1c3ccccc3n(-c3ccccc3C#N)c12,97.89329529
c1ccc(-c2ccc(-c3ccc(-n4c5ccccc5c5ccc6c7ccccc7n(-c7cccc(-c8nc(-c9ccccc9)cc(-c9ccccc9)n8)c7)c6c54)cc3)cc2)cc1,94.00179291
N#Cc1ccc2c3ccccc3n(-c3ccc(C#N)c(-c4ccccc4-n4c5ccccc5c5cccc(-n6c7ccccc7c7ccccc76)c54)c3)c2c1,96.06467438
N#Cc1ccc2c(c1)c1cc(C#N)ccc1n2-c1cccc(-c2ccccc2-n2c3ccccc3c3ccccc32)c1C#N,96.29032898
CC1(C)c2ccccc2-c2ccc(-c3ccc4c(c3)c3c(-c5nc(-c6ccccc6)cc(-c6ccccc6)n5)cccc3n4-c3ccccc3)cc21,94.22005463
N#Cc1ccc2c(c1)c1ccccc1n2-c1cccc(C#N)c1-c1cccc(-n2c3ccccc3c3cccc(-n4c5ccccc5c5ccccc54)c32)c1,95.57286072
N#Cc1ccc(-c2cccc(-n3c4ccccc4c4c(C#N)cccc43)c2)cc1-c1ccccc1-n1c2ccccc2c2ccccc21,95.73544312
N#Cc1ccc(-n2c3ccccc3c3ccccc32)c(-c2ccccc2-n2c3ccccc3c3cc(C#N)ccc32)c1,96.20173645
CC1(C)c2ccccc2N(c2cc(-n3c4ccccc4c4ccccc43)cc(C#N)c2C#N)c2ccccc21,96.77363586
C1=C(c2nc(-c3ccccc3)nc(-c3ccccc3)n2)c2ccccc2-n2c3ccccc3c3cc4c(ccc5c6ccccc6n(-c6ccccc6)c45)c1c32,94.09020996
N#Cc1ccc2c(c1)c1ccccc1n2-c1ccc(-c2cccc(-n3c4ccccc4c4c(-n5c6ccccc6c6ccccc65)cccc43)c2C#N)cc1,97.38832092
N#Cc1ccc(-n2c3ccccc3c3ccccc32)c(-c2cc(-c3cccc(-n4c5ccccc5c5ccccc54)c3)ccc2C#N)c1,95.74319458
CC1(C)c2ccccc2-c2cc3c4ccccc4n(-c4cc(-c5nc(-c6ccccc6)nc(-c6ccc(-c7ccccc7)cc6)n5)ccc4-c4ccc5ccccc5c4)c3cc21,94.19156647
CC1(C)c2ccccc2-n2c3ccccc3c3cc(N(c4ccc(-c5ccccc5)cc4)c4ccc(-c5ccccc5)cc4)cc1c32,95.76442719
c1ccc(-c2ncc(-c3cccc(-n4c5ccccc5c5c6c(c7ccccc7c7c6c6ccccc6n7-c6ccccc6)c6ccccc6c54)c3)c(-c3ccccc3)n2)cc1,94.13965607
c1ccc(-c2ccc(-c3nc(-c4ccc(-n5c6ccccc6c6ccccc65)cc4)nc(-c4cccc(-c5ccccc5)c4)n3)cc2)cc1,94.35726929
c1ccc(-c2ccc(-n3c4ccccc4c4cc5c6ccccc6n(-c6cccc(-c7nc(-c8ccccc8)nc(-c8cccc(-c9ccccc9)c8)n7)c6)c5cc43)cc2)cc1,94.35317993
c1ccc(-c2nc(-c3ccccc3)nc(-c3ccc4c(c3)c3c(-c5ccc6c(c5)c5ccccc5n6-c5ccccc5)cccc3n4-c3ccccc3)n2)cc1,94.45559692
c1ccc(-c2cccc(-c3ccc(-c4nc(-c5ccccc5)nc(-c5cccc(-n6c7ccccc7c7cc(-c8ccccc8)ccc76)c5)n4)cc3-n3c4ccccc4c4ccccc43)c2)cc1,94.02336884
c1ccc(-c2nc(-c3ccc4ccccc4c3)nc(-c3ccc(-n4c5ccccc5c5c4ccc4c6c7ccccc7ccc6n(-c6ccc7ccccc7c6)c45)c4ccccc34)n2)cc1,94.03582001
c1ccc(-c2cccc(-c3nc(-c4ccccc4)nc(-c4cccc(-n5c6ccccc6c6cccc(-c7ccc8c9ccccc9n(-c9ccccc9)c8c7)c65)c4)n3)c2)cc1,94.4667511
c1ccc(-c2ccc3c4c5ccccc5ccc4n(-c4ccccc4-c4nc(-c5ccccc5)nc(-c5ccccc5)n4)c3c2)cc1,94.62628937
c1ccc(-c2cc(-c3ccccc3)nc(-c3cccc(-n4ccc5c4ccc4c6ccccc6n(-c6ccccc6)c45)c3)n2)cc1,95.03517151
c1ccc(-c2nc(-c3ccccc3)nc(-c3cc4c5ccccc5n(-c5ccc6c(c5)c5ccccc5n6-c5ccccc5)c4c4c5ccccc5n(-c5ccccc5)c34)n2)cc1,94.14797211
c1ccc(-c2nc(-c3ccccc3)nc(-c3cc(-c4cc5ccccc5c5ccccc45)cc(-n4c5ccccc5c5ccccc54)c3)n2)cc1,94.26548004
c1ccc(-c2ccc(-c3nc(-c4ccccc4)nc(-c4cccc(-n5c6ccccc6c6cc(-c7cccc8c9ccccc9n(-c9ccccc9)c78)ccc65)c4)n3)cc2)cc1,94.28728485
